{
    "Player": {
        "Head": [
            257.2650146484375,
            402.3970031738281
        ],
        "Pos10": [
            362.59698486328125,
            324.4630126953125
        ],
        "Pos11": [
            362.59698486328125,
            324.4630126953125
        ],
        "Pos12": [
            433.95001220703125,
            307.52099609375
        ],
        "Pos13": [
            433.95001220703125,
            307.52099609375
        ],
        "Pos14": [
            243.6739959716797,
            327.85101318359375
        ],
        "Pos15": [
            219.88900756835938,
            232.97500610351563
        ],
        "Pos16": [
            219.88900756835938,
            232.97500610351563
        ],
        "Pos17": [
            185.91200256347656,
            94.05000305175781
        ],
        "Pos18": [
            185.91200256347656,
            94.05000305175781
        ],
        "Pos19": [
            321.822998046875,
            243.14100646972656
        ],
        "Pos2": [
            257.2659912109375,
            368.51300048828125
        ],
        "Pos20": [
            335.41400146484375,
            188.9250030517578
        ],
        "Pos21": [
            335.41400146484375,
            188.9250030517578
        ],
        "Pos22": [
            355.8009948730469,
            97.43800354003906
        ],
        "Pos23": [
            355.8009948730469,
            97.43800354003906
        ],
        "Pos3": [
            257.2650146484375,
            283.802001953125
        ],
        "Pos4": [
            231.17799377441406,
            358.6390075683594
        ],
        "Pos5": [
            197.197998046875,
            325.0469970703125
        ],
        "Pos6": [
            197.197998046875,
            325.0469970703125
        ],
        "Pos7": [
            90.77300262451172,
            324.4630126953125
        ],
        "Pos8": [
            90.77300262451172,
            324.4630126953125
        ],
        "Pos9": [
            291.2430114746094,
            327.85101318359375
        ],
        "kArmLeftDOWN": [
            36.78200149536133,
            51.49399948120117
        ],
        "kArmLeftUP": [
            14.71399974822998,
            0.0
        ],
        "kArmRightDOWN": [
            0.0,
            0.0
        ],
        "kArmRightUP": [
            0.0,
            0.0
        ],
        "kBackhairLeft": [
            81.32599639892578,
            98.73300170898438
        ],
        "kBackhairRight": [
            81.32599639892578,
            98.73300170898438
        ],
        "kBangsLeft": [
            56.57400131225586,
            130.46800231933594
        ],
        "kBangsRight": [
            56.57500076293945,
            130.468994140625
        ],
        "kClothesLeft": [
            45.96699905395508,
            45.84000015258789
        ],
        "kClothesRight": [
            0.0,
            0.0
        ],
        "kEyeLeft": [
            17.679000854492188,
            21.156999588012695
        ],
        "kEyeRight": [
            17.679000854492188,
            21.156999588012695
        ],
        "kEyelidsLeft": [
            45.96699905395508,
            21.156999588012695
        ],
        "kEyelidsRight": [
            45.96699905395508,
            21.156999588012695
        ],
        "kFaceLeft": [
            53.03799819946289,
            112.83699798583984
        ],
        "kFaceRight": [
            53.03900146484375,
            112.83699798583984
        ],
        "kHat": [
            0.0,
            0.0
        ],
        "kMouseLeft": [
            31.822999954223633,
            63.47100067138672
        ],
        "kMouseRight": [
            0.0,
            0.0
        ],
        "kPantsLeftDOWN": [
            0.0,
            0.0
        ],
        "kPantsLeftUP": [
            17.68000030517578,
            74.05000305175781
        ],
        "kPantsRightDOWN": [
            0.0,
            0.0
        ],
        "kPantsRightUP": [
            0.0,
            0.0
        ],
        "kSidehairLeft": [
            81.32599639892578,
            102.25900268554688
        ],
        "kSidehairRight": [
            81.32599639892578,
            102.25900268554688
        ]
    }
}
